Animal ID,context_memory_day1_freezing,Genotype,Sex,Lifestyle,Diet,Weight,Age_Months,day0_sound1_freezing,day0_sound2_freezing,day0_sound3_freezing,learning_slope_sound1_to_3,learning_intercept,learning_r,learning_p,learning_mean_sound1_to_3,learning_auc_sound1_to_3,learning_delta_sound3_minus_sound1,day2_acclimation_freezing,day2_cstone_freezing,day2_exploration_freezing,cue_memory_delta_cstone_minus_acclimation,cue_memory_delta_cstone_minus_exploration,baseline_day0_sound1_freezing,baseline_day2_acclimation_freezing,PHENO_learning,PHENO_context_memory,PHENO_cue_memory,PHENO_cue_memory_vs_exploration
210809_1,99.7,APOE33HN,female,Sedentary,Control,22.3,14.77,44.67,91.78,98.44,26.884999999999998,24.52666666666667,0.917222449633273,0.26085175063958294,78.29666666666667,163.33499999999998,53.769999999999996,35.59,39.06,3.9,3.469999999999999,35.160000000000004,44.67,35.59,26.884999999999998,99.7,3.469999999999999,35.160000000000004
210809_2,76.79,APOE33HN,female,Sedentary,Control,22.3,14.77,90.33,99.78,100.0,4.835000000000001,87.03333333333333,0.8758162187687264,0.32064752764391163,96.70333333333333,194.945,9.670000000000002,53.87,64.52,13.04,10.649999999999999,51.48,90.33,53.87,4.835000000000001,76.79,10.649999999999999,51.48
210809_3,99.71,APOE33HN,female,Sedentary,Control,24.4,14.77,95.11,99.44,100.0,2.4450000000000003,93.29333333333334,0.9135841728183097,0.2666060636155866,98.18333333333334,196.995,4.890000000000001,24.83,59.04,15.16,34.21,43.879999999999995,95.11,24.83,2.4450000000000003,99.71,34.21,43.879999999999995
210809_4,97.28,APOE33HN,female,Sedentary,Control,30.1,14.43,99.11,100.0,100.0,0.4450000000000003,98.81333333333333,0.8660254037844387,0.33333333333333326,99.70333333333333,199.555,0.8900000000000006,2.35,21.44,2.53,19.09,18.91,99.11,2.35,0.4450000000000003,97.28,19.09,18.91
210809_5,98.63,APOE22HN,male,Sedentary,HFD,34.7,15.03,84.11,99.78,100.0,7.945,78.74,0.8719987793605295,0.32564724565395997,94.63,191.83499999999998,15.89,31.81,51.94,8.72,20.13,43.22,84.11,31.81,7.945,98.63,20.13,43.22
210809_6,97.4,APOE22HN,male,Sedentary,HFD,42.0,15.03,99.22,99.89,99.89,0.33500000000000085,98.99666666666667,0.8660254037844386,0.3333333333333334,99.66666666666667,199.445,0.6700000000000017,17.61,52.38,9.03,34.77,43.35,99.22,17.61,0.33500000000000085,97.4,34.77,43.35
210809_7,92.51,APOE22HN,male,Sedentary,HFD,30.9,15.03,88.44,97.22,97.44,4.5,85.36666666666667,0.8765398513372851,0.3196917369369078,94.36666666666667,190.16,9.0,14.63,35.92,5.16,21.29,30.76,88.44,14.63,4.5,92.51,21.29,30.76
210809_8,84.83,APOE22HN,male,Sedentary,HFD,44.9,15.03,98.11,100.0,100.0,0.9450000000000002,97.48,0.8660254037844385,0.33333333333333354,99.37,199.055,1.8900000000000006,12.44,34.39,2.14,21.950000000000003,32.25,98.11,12.44,0.9450000000000002,84.83,21.950000000000003,32.25
210906_1,98.09,APOE22HN,female,Sedentary,Control,23.5,14.33,11.67,25.67,49.33,18.83,-8.769999999999996,0.9892112885185915,0.09359898547663163,28.89,56.17,37.66,2.22,16.57,1.38,14.35,15.190000000000001,11.67,2.22,18.83,98.09,14.35,15.190000000000001
210906_10,78.94,APOE44,female ,Sedentary,HFD,42.7,14.5,2.56,68.89,89.11,43.275,-33.029999999999994,0.9558074015108966,0.18996884919062282,53.52,114.725,86.55,40.24,52.71,10.41,12.469999999999999,42.3,2.56,40.24,43.275,78.94,12.469999999999999,42.3
210906_11,54.11,APOE44,female ,Sedentary,HFD,29.4,14.5,11.56,8.22,41.11,14.774999999999997,-9.253333333333327,0.8162048791756443,0.39214808442408455,20.296666666666667,34.555,29.549999999999997,0.3,10.77,0.96,10.469999999999999,9.809999999999999,11.56,0.3,14.774999999999997,54.11,10.469999999999999,9.809999999999999
210906_12,75.98,APOE44,female,Sedentary,HFD,36.3,14.5,1.33,39.78,61.44,30.055,-25.92666666666667,0.9872448648375669,0.10178888576140659,34.18333333333333,71.16499999999999,60.11,10.28,64.11,18.18,53.83,45.93,1.33,10.28,30.055,75.98,53.83,45.93
210906_13,93.37,APOE44,female,Sedentary,HFD,33.0,14.5,6.78,32.22,63.44,28.329999999999995,-22.51333333333332,0.9982700911810038,0.0374515118869243,34.14666666666667,67.33,56.66,14.15,45.0,7.87,30.85,37.13,6.78,14.15,28.329999999999995,93.37,30.85,37.13
210906_14,52.14,APOE44,female,Sedentary,HFD,28.2,13.67,0.0,17.0,22.0,11.0,-9.0,0.953820966476532,0.194224113364004,13.0,28.0,22.0,1.7,24.76,3.53,23.060000000000002,21.23,0.0,1.7,11.0,52.14,23.060000000000002,21.23
210906_15,75.86,APOE44,female,Sedentary,HFD,35.2,13.7,17.11,36.44,39.11,11.0,8.886666666666667,0.9162543389429105,0.26239452748364167,30.886666666666667,64.55,22.0,8.2,32.12,3.33,23.919999999999998,28.79,17.11,8.2,11.0,75.86,23.919999999999998,28.79
210906_16,89.38,APOE44,female ,Sedentary,HFD,33.5,13.7,2.22,22.67,30.33,14.055,-9.703333333333333,0.9671850262251406,0.16354074625570364,18.406666666666666,38.945,28.11,9.65,38.18,8.57,28.53,29.61,2.22,9.65,14.055,89.38,28.53,29.61
210906_17,82.89,APOE44,female,Sedentary,HFD,25.7,13.7,24.33,58.33,90.44,33.055,-8.410000000000004,0.9998638087155248,0.010506902635824555,57.699999999999996,115.71499999999999,66.11,1.0,27.25,1.27,26.25,25.98,24.33,1.0,33.055,82.89,26.25,25.98
210906_18,84.92,APOE44,female ,Sedentary,HFD,34.5,13.7,1.22,9.33,42.33,20.555,-23.483333333333334,0.9439889618274888,0.21408201419430414,17.626666666666665,31.104999999999997,41.11,4.72,33.08,7.86,28.36,25.22,1.22,4.72,20.555,84.92,28.36,25.22
210906_19,99.31,APOE44,male,Sedentary,HFD,50.0,15.3333333333333,12.0,84.89,93.22,40.61,-17.849999999999994,0.9088616935425403,0.27390536710481217,63.370000000000005,137.5,81.22,41.61,35.51,6.13,-6.100000000000001,29.38,12.0,41.61,40.61,99.31,-6.100000000000001,29.38
210906_2,90.76,APOE22HN,female,Sedentary,Control,22.0,14.33,5.44,0.0,32.56,13.560000000000002,-14.453333333333338,0.7774547754207755,0.43302084276607333,12.666666666666666,19.0,27.12,19.26,23.0,2.81,3.7399999999999984,20.19,5.44,19.26,13.560000000000002,90.76,3.7399999999999984,20.19
210906_20,97.67,APOE44,male,Sedentary,HFD,54.0,15.3333333333333,12.78,57.44,43.56,15.39,7.146666666666668,0.6733249022679553,0.5297310671535111,37.92666666666667,85.61,30.78,25.35,53.08,8.63,27.729999999999997,44.449999999999996,12.78,25.35,15.39,97.67,27.729999999999997,44.449999999999996
210906_21,80.72,APOE44,male,Sedentary,HFD,49.0,15.3333333333333,20.56,46.44,83.89,31.665,-13.033333333333339,0.994483152547953,0.06690221121686109,50.29666666666666,98.66499999999999,63.33,1.67,47.22,5.64,45.55,41.58,20.56,1.67,31.665,80.72,45.55,41.58
210906_22,96.51,APOE44,male,Sedentary,HFD,57.0,15.3333333333333,0.0,63.0,83.56,41.78,-34.70666666666667,0.9595943743737907,0.18158890997612545,48.85333333333333,104.78,83.56,44.13,52.29,4.55,8.159999999999997,47.74,0.0,44.13,41.78,96.51,8.159999999999997,47.74
210906_23,83.43,APOE44,female,Sedentary ,Control ,25.0,15.4,5.78,58.44,62.11,28.164999999999996,-14.219999999999992,0.8936682665844633,0.296245756598471,42.11,92.38499999999999,56.33,5.78,32.27,2.83,26.490000000000002,29.440000000000005,5.78,5.78,28.164999999999996,83.43,26.490000000000002,29.440000000000005
210906_24,80.72,APOE44,female,Sedentary ,Control ,24.0,15.4,0.0,24.0,72.67,36.335,-40.446666666666665,0.9813285061800234,0.12321475630817133,32.223333333333336,60.335,72.67,18.74,44.95,9.9,26.210000000000004,35.050000000000004,0.0,18.74,36.335,80.72,26.210000000000004,35.050000000000004
210906_3,90.89,APOE22HN,female,Sedentary,Control,27.0,14.33,12.44,71.33,93.33,40.445,-21.85666666666667,0.9670403705037339,0.1639028118491561,59.03333333333333,124.215,80.89,27.3,37.57,4.65,10.27,32.92,12.44,27.3,40.445,90.89,10.27,32.92
210906_4,81.9,APOE22HN,female,Sedentary,Control,26.1,14.3,0.0,18.89,60.78,30.389999999999997,-34.22333333333333,0.9769555816341019,0.1369353410374826,26.55666666666667,49.28,60.78,2.43,14.6,4.33,12.17,10.27,0.0,2.43,30.389999999999997,81.9,12.17,10.27
210906_5,91.3,APOE22HN,female,Sedentary,Control,26.1,14.33,18.89,47.78,92.67,36.89,-20.666666666666664,0.9922528553395009,0.07929516938342163,53.11333333333334,103.56,73.78,38.61,37.3,7.93,-1.3100000000000023,29.369999999999997,18.89,38.61,36.89,91.3,-1.3100000000000023,29.369999999999997
210906_6,84.44,APOE22HN,male,Sedentary,Control,34.5,13.63,0.0,5.22,14.89,7.444999999999999,-8.186666666666666,0.985438307479454,0.10877509388780009,6.703333333333333,12.665,14.89,26.85,47.34,5.35,20.490000000000002,41.99,0.0,26.85,7.444999999999999,84.44,20.490000000000002,41.99
210906_7,86.56,APOE22HN,female,Sedentary,Control,25.7,13.83,5.33,10.67,70.0,32.334999999999994,-36.003333333333316,0.9008179233488522,0.28593568051704565,28.666666666666668,48.335,64.67,10.63,22.77,1.88,12.139999999999999,20.89,5.33,10.63,32.334999999999994,86.56,12.139999999999999,20.89
210906_8,80.39,APOE22HN,female,Sedentary,Control,27.8,13.83,0.0,8.44,68.11,34.055,-42.593333333333334,0.917244238365982,0.2608169291853871,25.516666666666666,42.495,68.11,4.91,25.66,3.73,20.75,21.93,0.0,4.91,34.055,80.39,20.75,21.93
210906_9,94.38,APOE44,female ,Sedentary,HFD,37.3,14.5,20.56,31.78,64.78,22.11,-5.18,0.9618656301788588,0.17637754292168092,39.04,74.45,44.22,14.57,35.95,7.3,21.380000000000003,28.650000000000002,20.56,14.57,22.11,94.38,21.380000000000003,28.650000000000002
211004_1,99.78,APOE33,male ,Sedentary,Control,37.1,13.17,9.0,54.0,83.78,37.39,-25.85333333333333,0.9931665860463859,0.07446661380849248,48.92666666666667,100.39,74.78,32.83,37.31,3.62,4.480000000000004,33.690000000000005,9.0,32.83,37.39,99.78,4.480000000000004,33.690000000000005
211004_10,95.04,APOE44HN,male,Sedentary,HFD,40.7,14.07,0.0,1.11,8.0,4.0,-4.963333333333333,0.9229232063616778,0.25158614451496303,3.0366666666666666,5.109999999999999,8.0,1.15,11.67,1.63,10.52,10.04,0.0,1.15,4.0,95.04,10.52,10.04
211004_11,89.97,APOE44HN,male ,Sedentary,HFD,43.5,14.07,43.56,39.56,73.33,14.884999999999998,22.380000000000003,0.8067255380140433,0.4024752189309779,52.15,98.005,29.769999999999996,15.89,37.99,5.67,22.1,32.32,43.56,15.89,14.884999999999998,89.97,22.1,32.32
211004_12,96.41,APOE44HN,male ,Sedentary,HFD,45.3,14.07,1.44,15.89,74.56,36.56,-42.49000000000001,0.9441059715980994,0.21385615436284935,30.63,53.89,73.12,6.93,32.53,5.1,25.6,27.43,1.44,6.93,36.56,96.41,25.6,27.43
211004_13,99.78,APOE44HN,female ,Sedentary,Control,25.6,14.07,19.0,45.89,57.89,19.445,2.036666666666669,0.9764282475306556,0.13849938905405676,40.92666666666667,84.33500000000001,38.89,6.2,27.31,3.67,21.11,23.64,19.0,6.2,19.445,99.78,21.11,23.64
211004_14,87.74,APOE44HN,female ,Sedentary,Control,27.4,14.07,0.0,16.78,8.67,4.335,-0.18666666666666565,0.5165906473680021,0.6544018282692454,8.483333333333334,21.115000000000002,8.67,5.19,23.35,2.34,18.16,21.01,0.0,5.19,4.335,87.74,18.16,21.01
211004_15,100.0,APOE44HN,male,Sedentary,HFD,40.7,14.07,5.22,51.44,95.11,44.945,-39.300000000000004,0.9998659030233285,0.010425801866389943,50.589999999999996,101.605,89.89,20.31,44.94,4.91,24.63,40.03,5.22,20.31,44.945,100.0,24.63,40.03
211004_16,85.14,APOE44HN,male ,Sedentary,HFD,43.5,14.07,0.0,15.11,54.67,27.335,-31.41,0.9682437753814449,0.1608664951538825,23.26,42.445,54.67,2.41,13.27,1.59,10.86,11.68,0.0,2.41,27.335,85.14,10.86,11.68
211004_17,95.91,APOE44HN,male ,Sedentary,HFD,45.3,14.07,27.11,64.56,74.56,23.725,7.960000000000001,0.9484936395586349,0.2052142363457035,55.410000000000004,115.39500000000001,47.45,9.87,35.95,4.81,26.080000000000005,31.140000000000004,27.11,9.87,23.725,95.91,26.080000000000005,31.140000000000004
211004_19,99.02,APOE44,male ,Sedentary,Control,31.0,19.67,16.78,5.33,56.0,19.61,-13.183333333333334,0.7379659053511756,0.47157301138925284,26.036666666666665,41.72,39.22,22.91,24.88,7.94,1.9699999999999989,16.939999999999998,16.78,22.91,19.61,99.02,1.9699999999999989,16.939999999999998
211004_2,92.94,APOE33,male ,Sedentary,Control,36.3,13.17,1.33,32.67,86.56,42.615,-45.04333333333334,0.9885333480158514,0.0965004422851355,40.18666666666667,76.61500000000001,85.23,23.41,35.41,2.1,11.999999999999996,33.309999999999995,1.33,23.41,42.615,92.94,11.999999999999996,33.309999999999995
211004_20,94.74,APOE44,female ,Sedentary,Control,29.3,19.67,12.11,35.67,73.33,30.61,-20.85,0.9912745647689312,0.08415985154837907,40.37,78.39,61.22,24.94,33.27,10.72,8.330000000000002,22.550000000000004,12.11,24.94,30.61,94.74,8.330000000000002,22.550000000000004
211004_21,99.53,APOE44HN,male ,Sedentary,Control,29.2,19.17,4.56,1.44,20.0,7.72,-6.773333333333333,0.7768041116946119,0.4336790322616663,8.666666666666666,13.72,15.440000000000001,11.74,13.97,4.76,2.2300000000000004,9.21,4.56,11.74,7.72,99.53,2.2300000000000004,9.21
211004_3,92.03,APOE33,male ,Sedentary,Control,37.2,12.77,25.0,31.89,91.78,33.39,-17.22333333333333,0.9091057376201864,0.2735326427020168,49.55666666666667,90.28,66.78,15.24,39.93,1.24,24.689999999999998,38.69,25.0,15.24,33.39,92.03,24.689999999999998,38.69
211004_5,96.98,APOE44,female ,Sedentary,Control,29.3,19.67,1.33,29.56,38.11,18.39,-13.780000000000001,0.955447413643445,0.1907468291475446,23.0,49.28,36.78,1.48,24.0,2.21,22.52,21.79,1.33,1.48,18.39,96.98,22.52,21.79
211004_9,99.3,APOE33,female,Sedentary,HFD,42.6,13.73,13.89,82.56,90.67,38.39,-14.406666666666666,0.9100790015801203,0.27204143062299563,62.373333333333335,134.84,76.78,16.04,59.42,15.44,43.38,43.980000000000004,13.89,16.04,38.39,99.3,43.38,43.980000000000004
211122_1,90.84,APOE22HN,female ,Sedentary,HFD,37.0,14.33,15.33,24.89,73.56,29.115000000000002,-20.303333333333335,0.932354889297145,0.23550082066513492,37.92666666666667,69.33500000000001,58.230000000000004,12.67,19.72,6.56,7.049999999999999,13.16,15.33,12.67,29.115000000000002,90.84,7.049999999999999,13.16
211122_10,83.92,APOE22HN,male,Sedentary,Control,31.0,14.63,3.89,7.22,30.56,13.334999999999999,-12.779999999999998,0.9176086016085574,0.2602339741903913,13.89,24.445,26.669999999999998,19.52,20.27,2.11,0.75,18.16,3.89,19.52,13.334999999999999,83.92,0.75,18.16
211122_11,83.66,APOE22HN,male,Sedentary,Control,31.0,14.63,9.0,61.78,76.0,33.5,-18.07333333333333,0.9489833163746965,0.20422791517614738,48.92666666666667,104.28,67.0,9.35,41.42,3.5,32.07,37.92,9.0,9.35,33.5,83.66,32.07,37.92
211122_12,76.8,APOE22HN,male,Sedentary,Control,30.0,14.63,0.0,9.67,59.22,29.61,-36.25666666666666,0.9320326933463297,0.23606750398390633,22.963333333333335,39.28,59.22,8.61,37.54,2.81,28.93,34.73,0.0,8.61,29.61,76.8,28.93,34.73
211122_13,94.91,APOE22HN,male,Sedentary,Control,33.0,14.5,37.33,50.56,87.22,24.945,8.480000000000004,0.965150954536367,0.16856209859371193,58.370000000000005,112.83500000000001,49.89,26.61,50.71,8.21,24.1,42.5,37.33,26.61,24.945,94.91,24.1,42.5
211122_14,55.48,APOE22HN,male,Sedentary,Control,31.0,14.5,1.33,29.67,50.22,24.445,-21.816666666666666,0.9957952738320742,0.05840046044336339,27.073333333333334,55.445,48.89,0.19,25.32,1.33,25.13,23.990000000000002,1.33,0.19,24.445,55.48,25.13,23.990000000000002
211122_15,95.07,APOE22HN,male,Sedentary,Control,29.0,14.43,0.0,59.33,37.67,18.835,-5.336666666666666,0.627355250061104,0.5682748210504288,32.333333333333336,78.16499999999999,37.67,8.19,36.05,5.28,27.86,30.769999999999996,0.0,8.19,18.835,95.07,27.86,30.769999999999996
211122_16,47.27,APOE22HN,male,Sedentary,Control,32.0,14.47,5.0,6.78,49.67,22.335,-24.186666666666667,0.883083511076267,0.3109267510718895,20.483333333333334,34.115,44.67,0.0,8.38,1.44,8.38,6.940000000000001,5.0,0.0,22.335,47.27,8.38,6.940000000000001
211122_2,77.0,APOE22HN,female ,Sedentary,HFD,38.0,14.33,9.22,26.0,54.89,22.835,-15.633333333333336,0.9884834647260268,0.09671052079093481,30.036666666666665,58.055,45.67,5.31,30.38,3.7,25.07,26.68,9.22,5.31,22.835,77.0,25.07,26.68
211122_23,80.99,APOE22HN,male,Sedentary,Control,31.0,20.83,2.0,84.89,85.56,41.78,-26.076666666666675,0.8694902260325326,0.32889495093549426,57.48333333333333,128.67,83.56,0.26,23.81,1.51,23.549999999999997,22.299999999999997,2.0,0.26,41.78,80.99,23.549999999999997,22.299999999999997
211122_24,89.26,APOE22HN,male,Sedentary,Control,31.0,19.63,1.67,25.22,40.33,19.33,-16.25333333333333,0.9921499478383355,0.07982076848425113,22.406666666666666,46.22,38.66,23.41,33.69,4.2,10.279999999999998,29.49,1.67,23.41,19.33,89.26,10.279999999999998,29.49
211122_25,98.13,APOE22HN,male,Sedentary,Control,33.0,19.67,14.22,27.0,67.0,26.39,-16.70666666666667,0.9584166186791596,0.184234763176743,36.07333333333333,67.61,52.78,42.94,31.38,5.67,-11.559999999999999,25.71,14.22,42.94,26.39,98.13,-11.559999999999999,25.71
211122_26,77.57,APOE22HN,female ,Sedentary,Control,32.0,19.67,0.0,16.33,66.22,33.11,-38.70333333333333,0.9597592395179657,0.18121553989886585,27.516666666666666,49.44,66.22,1.2,4.3,1.43,3.0999999999999996,2.87,0.0,1.2,33.11,77.57,3.0999999999999996,2.87
211122_27,96.97,APOE22HN,female ,Sedentary,Control,27.0,19.67,27.33,52.89,86.11,29.39,-3.336666666666673,0.997181564798592,0.04780806907959712,55.44333333333333,109.61,58.78,20.94,31.71,2.14,10.77,29.57,27.33,20.94,29.39,96.97,10.77,29.57
211122_28,65.06,APOE22HN,female ,Sedentary,Control,26.0,22.93,0.0,7.33,56.22,28.11,-35.03666666666666,0.9197340088150849,0.25680859145461504,21.183333333333334,35.44,56.22,18.37,35.43,6.01,17.06,29.42,0.0,18.37,28.11,65.06,17.06,29.42
211122_3,99.64,APOE22HN,female ,Sedentary,HFD,39.0,14.33,17.0,63.0,82.0,32.5,-11.0,0.9724264752546519,0.1498456935535738,54.0,112.5,65.0,13.48,17.02,4.19,3.539999999999999,12.829999999999998,17.0,13.48,32.5,99.64,3.539999999999999,12.829999999999998
211122_4,62.34,APOE22HN,female ,Sedentary,HFD,34.0,14.2,0.0,0.0,39.11,19.555,-26.07333333333333,0.8660254037844386,0.3333333333333334,13.036666666666667,19.555,39.11,1.11,8.49,4.19,7.38,4.3,0.0,1.11,19.555,62.34,7.38,4.3
211122_5,85.73,APOE22HN,female ,Sedentary,HFD,32.0,14.6,1.56,53.33,56.78,27.61,-17.996666666666663,0.8925602140645876,0.29781392804422846,37.223333333333336,82.5,55.22,13.76,41.35,3.29,27.590000000000003,38.06,1.56,13.76,27.61,85.73,27.590000000000003,38.06
211122_6,65.91,APOE22HN,female ,Sedentary,HFD,38.0,14.6,0.0,39.78,48.11,24.055,-18.813333333333333,0.9355827743076139,0.22974998852743617,29.296666666666667,63.835,48.11,2.09,27.3,2.68,25.21,24.62,0.0,2.09,24.055,65.91,25.21,24.62
211122_7,93.72,APOE22HN,female ,Sedentary,HFD,45.0,14.5,7.67,74.78,86.22,39.275,-22.32666666666666,0.9255180556838154,0.2472599617441635,56.223333333333336,121.725,78.55,20.33,42.77,10.92,22.440000000000005,31.85,7.67,20.33,39.275,93.72,22.440000000000005,31.85
211122_8,56.04,APOE22HN,female ,Sedentary,HFD,33.0,14.5,0.0,4.22,52.56,26.28,-33.63333333333334,0.8998876406729818,0.28729664407531125,18.926666666666666,30.5,52.56,3.0,29.56,2.28,26.56,27.279999999999998,0.0,3.0,26.28,56.04,26.56,27.279999999999998
211122_9,99.97,APOE22HN,male,Sedentary,Control,29.0,14.63,41.22,92.56,72.56,15.670000000000002,37.44,0.6055362277593228,0.5859173522479381,68.78,149.45,31.340000000000003,69.15,52.36,10.46,-16.790000000000006,41.9,41.22,69.15,15.670000000000002,99.97,-16.790000000000006,41.9
220307_1,94.42,APOE33HN,female ,Sedentary,Control,32.0,20.83,18.67,27.78,88.44,34.885,-24.806666666666665,0.9198073215363386,0.25668966781209096,44.96333333333333,81.33500000000001,69.77,8.76,24.62,3.79,15.860000000000001,20.830000000000002,18.67,8.76,34.885,94.42,15.860000000000001,20.830000000000002
220307_10,99.97,APOE22HN,female ,Sedentary,Control,26.0,19.47,14.33,22.44,89.33,37.5,-32.96666666666667,0.9110710718492008,0.2705134679504918,42.03333333333333,74.27,75.0,5.02,31.84,2.76,26.82,29.08,14.33,5.02,37.5,99.97,26.82,29.08
220307_11,92.3,APOE22HN,female ,Sedentary,Control,21.0,19.47,0.0,21.0,40.56,20.28,-20.040000000000003,0.9997899894971591,0.013047377530236328,20.52,41.28,40.56,20.78,34.5,6.94,13.719999999999999,27.56,0.0,20.78,20.28,92.3,13.719999999999999,27.56
220307_12,95.93,APOE22HN,female ,Sedentary,Control,26.0,19.47,13.67,64.78,62.11,24.22,-1.586666666666666,0.8418900718681016,0.3628861329830589,46.85333333333333,102.67,48.44,6.69,30.09,3.06,23.4,27.03,13.67,6.69,24.22,95.93,23.4,27.03
220307_13,99.43,APOE22HN,female ,Sedentary,Control,28.0,19.47,0.0,0.0,43.33,21.665,-28.886666666666663,0.8660254037844386,0.3333333333333334,14.443333333333333,21.665,43.33,0.46,5.52,2.56,5.06,2.9599999999999995,0.0,0.46,21.665,99.43,5.06,2.9599999999999995
220307_14,99.03,APOE33HN,male,Sedentary,Control,33.0,21.33,16.0,31.67,85.22,34.61,-24.92333333333334,0.9535388228228612,0.19482120286121563,44.29666666666666,82.28,69.22,27.57,24.74,8.27,-2.830000000000002,16.47,16.0,27.57,34.61,99.03,-2.830000000000002,16.47
220307_15,96.46,APOE33HN,male,Sedentary,Control,32.0,21.33,0.0,0.0,46.78,23.39,-31.186666666666667,0.8660254037844387,0.33333333333333326,15.593333333333334,23.39,46.78,44.07,22.41,8.77,-21.66,13.64,0.0,44.07,23.39,96.46,-21.66,13.64
220307_16,97.56,APOE33HN,male,Sedentary,Control,33.0,21.33,7.56,37.33,86.56,39.5,-35.18333333333334,0.9900378631508234,0.0899357942750036,43.81666666666666,84.39,79.0,33.13,37.36,3.07,4.229999999999997,34.29,7.56,33.13,39.5,97.56,4.229999999999997,34.29
220307_17,69.5,APOE33HN,male,Sedentary,Control,32.0,21.33,0.0,8.11,45.67,22.835,-27.743333333333336,0.9371582743477546,0.22689250796082644,17.926666666666666,30.945,45.67,0.0,11.26,4.96,11.26,6.3,0.0,0.0,22.835,69.5,11.26,6.3
220307_2,90.62,APOE33HN,female ,Sedentary,Control,26.0,20.83,0.0,39.44,45.0,22.5,-16.853333333333335,0.9171042604092757,0.26104055726104086,28.146666666666665,61.94,45.0,15.89,42.03,5.54,26.14,36.49,0.0,15.89,22.5,90.62,26.14,36.49
220307_4,96.68,APOE33HN,female ,Sedentary,Control,26.0,20.83,8.11,36.56,81.0,36.445,-31.0,0.992074570338732,0.08020358429269693,41.89,81.11500000000001,72.89,14.56,22.65,11.54,8.089999999999998,11.11,8.11,14.56,36.445,96.68,8.089999999999998,11.11
220307_5,80.76,APOE33HN,female ,Sedentary,Control,25.0,20.83,0.0,16.11,45.11,22.555,-24.703333333333333,0.9866631728827747,0.1040890972496675,20.406666666666666,38.665,45.11,6.61,24.83,4.41,18.22,20.419999999999998,0.0,6.61,22.555,80.76,18.22,20.419999999999998
220307_6,99.82,APOE22HN,male,Sedentary,Control,29.0,19.43,36.11,73.33,100.0,31.945,5.923333333333332,0.9954862275080698,0.06051018041104384,69.81333333333333,141.385,63.89,32.56,37.18,8.26,4.619999999999997,28.92,36.11,32.56,31.945,99.82,4.619999999999997,28.92
220307_7,93.79,APOE22HN,male,Sedentary,Control,31.0,19.43,0.0,54.11,30.0,15.0,-1.9633333333333347,0.553334517845735,0.6267102560095745,28.036666666666665,69.11,30.0,43.41,28.56,2.8,-14.849999999999998,25.759999999999998,0.0,43.41,15.0,93.79,-14.849999999999998,25.759999999999998
220307_8,98.89,APOE22HN,male,Sedentary,Control,30.0,19.43,22.56,96.67,88.0,32.72,3.6366666666666703,0.8075585328834642,0.4015769471552178,69.07666666666667,151.95000000000002,65.44,13.5,54.23,7.35,40.73,46.879999999999995,22.56,13.5,32.72,98.89,40.73,46.879999999999995
220307_9,82.67,APOE22HN,female ,Sedentary,Control,27.0,19.43,0.0,7.33,54.11,27.055,-33.629999999999995,0.9216761237501395,0.2536404109196188,20.48,34.385,54.11,12.28,27.32,7.98,15.040000000000001,19.34,0.0,12.28,27.055,82.67,15.040000000000001,19.34
220404_1,91.42,APOE22,female ,Sedentary,HFD,30.0,14.8,23.44,73.56,73.11,24.834999999999997,7.033333333333346,0.8620937922779786,0.33830563432486577,56.70333333333334,121.83500000000001,49.67,7.59,33.72,5.79,26.13,27.93,23.44,7.59,24.834999999999997,91.42,26.13,27.93
220404_10,82.99,APOE22,male,Sedentary,HFD,48.0,14.4,1.78,52.44,58.67,28.444999999999997,-19.25999999999999,0.9116143911496503,0.2696732164574738,37.63,82.66499999999999,56.89,7.89,34.73,4.76,26.839999999999996,29.97,1.78,7.89,28.444999999999997,82.99,26.839999999999996,29.97
220404_11,97.32,APOE22HN,male,Sedentary,Control,32.0,21.2333333333333,5.56,74.11,89.78,42.11,-27.73666666666667,0.9401341615848,0.22139889653927394,56.48333333333333,121.78,84.22,19.44,23.52,4.02,4.079999999999998,19.5,5.56,19.44,42.11,97.32,4.079999999999998,19.5
220404_12,92.53,APOE22HN,male,Sedentary,Control,,18.8,4.11,15.78,76.11,36.0,-40.0,0.9315938181233226,0.23683732397991186,32.0,55.89,72.0,15.06,38.68,6.82,23.619999999999997,31.86,4.11,15.06,36.0,92.53,23.619999999999997,31.86
220404_13,87.86,APOE22HN,male,Sedentary,Control,35.0,21.2333333333333,25.89,57.44,77.44,25.774999999999995,2.0400000000000063,0.9917368372083959,0.08189696037612677,53.589999999999996,109.10499999999999,51.55,4.28,17.07,5.5,12.79,11.57,25.89,4.28,25.774999999999995,87.86,12.79,11.57
220404_2,85.69,APOE22,female ,Sedentary,HFD,37.0,14.8,3.44,7.22,49.22,22.89,-25.820000000000004,0.9008161918463601,0.28593821923579,19.959999999999997,33.55,45.78,17.63,29.71,3.76,12.080000000000002,25.950000000000003,3.44,17.63,22.89,85.69,12.080000000000002,25.950000000000003
220404_3,96.59,APOE22,female ,Sedentary,HFD,40.0,14.8,11.0,82.89,98.22,43.61,-23.183333333333323,0.9365146197672989,0.22806404120606732,64.03666666666668,137.5,87.22,12.37,40.88,2.99,28.510000000000005,37.89,11.0,12.37,43.61,96.59,28.510000000000005,37.89
220404_4,83.93,APOE22,female ,Sedentary,HFD,39.0,14.8,1.22,21.44,42.33,20.555,-19.44666666666667,0.9999557335633433,0.005990099063071984,21.66333333333333,43.214999999999996,41.11,45.91,29.66,5.74,-16.249999999999996,23.92,1.22,45.91,20.555,83.93,-16.249999999999996,23.92
220404_5,99.02,APOE22,female ,Sedentary,HFD,29.0,12.2666666666667,24.33,47.44,95.56,35.615,-15.45333333333334,0.980065253295909,0.1273281988019106,55.776666666666664,107.38499999999999,71.23,40.09,25.82,4.13,-14.270000000000003,21.69,24.33,40.09,35.615,99.02,-14.270000000000003,21.69
220404_6,97.66,APOE22,male,Sedentary,HFD,43.0,14.8,0.0,43.89,81.67,40.835,-39.81666666666667,0.9990684656186722,0.02748073120475407,41.85333333333333,84.725,81.67,11.11,53.37,7.29,42.26,46.08,0.0,11.11,40.835,97.66,42.26,46.08
220404_7,98.56,APOE22,male,Sedentary,HFD,51.0,14.8,16.33,75.11,91.22,37.445,-14.003333333333337,0.9499232765006262,0.20232161480460825,60.88666666666666,128.885,74.89,9.56,44.33,2.05,34.769999999999996,42.28,16.33,9.56,37.445,98.56,34.769999999999996,42.28
220404_8,91.56,APOE22,male,Sedentary,HFD,41.0,14.4,1.33,37.78,58.11,28.39,-24.373333333333335,0.986831300641665,0.10342947211918413,32.406666666666666,67.5,56.78,10.85,46.71,6.93,35.86,39.78,1.33,10.85,28.39,91.56,35.86,39.78
220404_9,78.67,APOE22,male,Sedentary,HFD,39.0,14.4,18.78,54.22,86.67,33.945,-14.666666666666664,0.999676876181167,0.016184202440590226,53.223333333333336,106.945,67.89,17.24,60.25,12.9,43.010000000000005,47.35,18.78,17.24,33.945,78.67,43.010000000000005,47.35
220509_1,88.77,APOE22,male,Sedentary,HFD,40.0,20.23333333,0.0,26.11,25.11,12.555,-8.036666666666665,0.8486323762242829,0.3548530087890287,17.073333333333334,38.665,25.11,11.65,22.81,6.52,11.159999999999998,16.29,0.0,11.65,12.555,88.77,11.159999999999998,16.29
220509_10,60.83,APOE33,female,Sedentary,HFD,28.0,20.36666667,0.0,4.44,24.78,12.39,-15.040000000000001,0.9377229806379471,0.2258598810513098,9.74,16.830000000000002,24.78,2.56,29.71,1.45,27.150000000000002,28.26,0.0,2.56,12.39,60.83,27.150000000000002,28.26
220509_11,96.42,APOE44,female,Sedentary,Control,29.0,19.53333333,5.0,22.89,70.0,32.5,-32.37,0.9679305802095166,0.16166208952656233,32.63,60.39,65.0,23.5,35.49,4.18,11.990000000000002,31.310000000000002,5.0,23.5,32.5,96.42,11.990000000000002,31.310000000000002
220509_12,43.46,APOE22,female,Sedentary,Control,25.0,13.4,9.11,8.44,34.33,12.61,-7.926666666666666,0.8544524713649116,0.3477855697464133,17.293333333333333,30.159999999999997,25.22,4.96,31.46,3.46,26.5,28.0,9.11,4.96,12.61,43.46,26.5,28.0
220509_13,87.86,APOE22,female,Sedentary,Control,26.0,13.16666667,32.22,77.11,82.78,25.279999999999998,13.47666666666668,0.9126517737708076,0.268062017487266,64.03666666666668,134.60999999999999,50.56,5.76,39.64,7.55,33.88,32.09,32.22,5.76,25.279999999999998,87.86,33.88,32.09
220509_14,72.38,APOE22,female,Sedentary,Control,26.0,13.16666667,0.0,1.11,28.56,14.28,-18.67,0.8826683524245388,0.3114895593198996,9.889999999999999,15.389999999999999,28.56,18.46,48.75,6.89,30.29,41.86,0.0,18.46,14.28,72.38,30.29,41.86
220509_4,53.77,APOE22,female,Sedentary,HFD,27.0,20.23333333,0.0,1.78,35.44,17.72,-23.03333333333333,0.8874511336691768,0.30494794953767895,12.406666666666666,19.5,35.44,7.85,21.86,7.99,14.01,13.87,0.0,7.85,17.72,53.77,14.01,13.87
220509_6,79.92,APOE22,female,Sedentary,HFD,42.0,20.23333333,11.78,34.78,71.78,30.0,-20.553333333333335,0.9910475954695591,0.08524904085048579,39.446666666666665,76.56,60.0,29.37,27.58,5.33,-1.7900000000000027,22.25,11.78,29.37,30.0,79.92,-1.7900000000000027,22.25
220509_7,83.97,APOE33,male,Sedentary,HFD,52.0,21.46666667,2.22,63.11,78.11,37.945,-28.076666666666668,0.9441175573834655,0.2138337782425191,47.81333333333333,103.275,75.89,28.91,42.71,7.47,13.8,35.24,2.22,28.91,37.945,83.97,13.8,35.24
220509_8,99.21,APOE33,female,Sedentary,HFD,34.0,20.36666667,9.67,22.89,88.0,39.165,-38.14333333333333,0.9340160324590222,0.232558275461598,40.18666666666667,71.725,78.33,16.19,40.13,7.96,23.94,32.17,9.67,16.19,39.165,99.21,23.94,32.17
220606_1,95.87,APOE33HN,male,Sedentary,Control,33.0,19.4,30.33,35.67,70.89,20.28,5.069999999999993,0.9202228639105915,0.25601461235493816,45.629999999999995,86.28,40.56,24.44,23.13,7.93,-1.3100000000000023,15.2,30.33,24.44,20.28,95.87,-1.3100000000000023,15.2
220606_10,66.47,APOE44,female,Sedentary,Control,26.0,20.6,0.0,32.44,54.67,27.335,-25.633333333333336,0.9942371771373079,0.06837881027947622,29.036666666666665,59.775,54.67,18.52,32.92,3.66,14.400000000000002,29.26,0.0,18.52,27.335,66.47,14.400000000000002,29.26
220606_11,98.97,APOE22,male,Sedentary,Control,30.0,14.2666666666667,67.67,75.89,99.67,16.0,49.07666666666667,0.9627796678995365,0.17423747901946804,81.07666666666667,159.56,32.0,18.56,35.02,4.75,16.460000000000004,30.270000000000003,67.67,18.56,16.0,98.97,16.460000000000004,30.270000000000003
220606_12,84.94,APOE22,male,Sedentary,Control,31.0,14.2666666666667,0.0,9.33,74.33,37.165,-46.44333333333333,0.9178642931129795,0.2598241492754995,27.886666666666667,46.495,74.33,18.11,23.05,2.9,4.940000000000001,20.150000000000002,0.0,18.11,37.165,84.94,4.940000000000001,20.150000000000002
220606_13,96.33,APOE22,male,Sedentary,Control,31.0,14.2666666666667,5.44,60.33,88.0,41.28,-31.30333333333334,0.9823609549851811,0.11974933432748715,51.25666666666666,107.04999999999998,82.56,20.59,37.31,2.19,16.720000000000002,35.120000000000005,5.44,20.59,41.28,96.33,16.720000000000002,35.120000000000005
220606_14,45.7,APOE22,male,Sedentary,Control,33.0,14.2666666666667,14.33,29.44,56.0,20.835,-8.413333333333334,0.9876488280969192,0.1001606705557286,33.25666666666667,64.605,41.67,3.54,37.68,7.18,34.14,30.5,14.33,3.54,20.835,45.7,34.14,30.5
220606_2,84.24,APOE44HN,female,Sedentary,Control,30.0,20.6333333333333,0.0,18.0,69.56,34.78,-40.373333333333335,0.9633260504434169,0.17294589264233046,29.186666666666667,52.78,69.56,41.15,22.27,2.64,-18.88,19.63,0.0,41.15,34.78,84.24,-18.88,19.63
220606_3,89.34,APOE44HN,female,Sedentary,Control,32.0,20.6333333333333,5.67,15.89,36.89,15.61,-11.736666666666665,0.980702295654617,0.1252705073537145,19.483333333333334,37.17,31.22,26.0,24.85,6.82,-1.1499999999999986,18.03,5.67,26.0,15.61,89.34,-1.1499999999999986,18.03
220606_4,71.14,APOE44HN,female,Sedentary,Control,28.0,20.6333333333333,0.0,4.11,31.89,15.944999999999999,-19.889999999999997,0.9191581993712888,0.25774083276923504,12.0,20.055,31.89,2.5,12.69,1.88,10.19,10.809999999999999,0.0,2.5,15.944999999999999,71.14,10.19,10.809999999999999
220606_5,85.78,APOE44HN,female,Sedentary,Control,32.0,20.6,0.0,49.78,62.89,31.444999999999997,-25.33333333333333,0.9477382886409663,0.20672677831278993,37.556666666666665,81.225,62.89,2.57,12.3,4.79,9.73,7.510000000000001,0.0,2.57,31.444999999999997,85.78,9.73,7.510000000000001
220606_6,63.64,APOE44HN,female,Sedentary,Control,26.0,20.6,0.0,4.22,32.11,16.055,-20.0,0.9201334580921094,0.2561599955788895,12.11,20.275,32.11,9.54,25.87,8.2,16.330000000000002,17.67,0.0,9.54,16.055,63.64,16.330000000000002,17.67
220606_7,90.79,APOE44,male,Sedentary,HFD,40.0,20.6,6.33,33.0,85.89,39.78,-37.82,0.982375227737282,0.11970073323386983,41.74,79.11,79.56,8.74,29.93,5.99,21.189999999999998,23.939999999999998,6.33,8.74,39.78,90.79,21.189999999999998,23.939999999999998
220606_8,69.84,APOE44,male,Sedentary,HFD,48.0,20.6,0.0,35.0,76.0,38.0,-39.0,0.9989628346388236,0.02899724020730144,37.0,73.0,76.0,11.91,26.91,5.38,15.0,21.53,0.0,11.91,38.0,69.84,15.0,21.53
220606_9,88.31,APOE44,female,Sedentary,Control,28.0,20.6,18.22,37.89,67.11,24.445,-7.81666666666667,0.9937006374670122,0.0714943410336576,41.07333333333333,80.555,48.89,12.96,28.72,3.71,15.759999999999998,25.009999999999998,18.22,12.96,24.445,88.31,15.759999999999998,25.009999999999998
220808_1,99.43,APOE44HN,male,Sedentary,Control,22.0,15.2666666666667,57.22,63.44,96.67,19.725,32.993333333333325,0.92997910275413,0.23964935864304338,72.44333333333333,140.385,39.45,21.94,25.45,3.14,3.509999999999998,22.31,57.22,21.94,19.725,99.43,3.509999999999998,22.31
220808_10,98.41,APOE22HN,female,Sedentary,HFD,25.0,19.1,1.56,6.44,49.33,23.884999999999998,-28.659999999999997,0.9087006185845723,0.2741511138866877,19.11,31.884999999999998,47.769999999999996,4.61,7.77,2.25,3.1599999999999993,5.52,1.56,4.61,23.884999999999998,98.41,3.1599999999999993,5.52
220808_11,99.27,APOE22HN,female,Sedentary,HFD,39.0,19.1,14.0,40.33,94.0,40.0,-30.556666666666672,0.9810850165936755,0.12401809200240861,49.44333333333333,94.32999999999998,80.0,2.11,16.56,5.12,14.45,11.439999999999998,14.0,2.11,40.0,99.27,14.45,11.439999999999998
220808_12,99.76,APOE22HN,female,Sedentary,HFD,32.0,19.1,1.44,11.44,79.11,38.835,-47.006666666666675,0.9191079767916098,0.25782199260666466,30.66333333333333,51.714999999999996,77.67,16.65,52.49,15.87,35.84,36.620000000000005,1.44,16.65,38.835,99.76,35.84,36.620000000000005
220808_13,99.96,APOE22HN,male,Sedentary,HFD,37.0,20.4,11.56,98.22,97.33,42.885,-16.73333333333332,0.8615209735439114,0.33902456624127936,69.03666666666668,152.66500000000002,85.77,17.94,41.59,5.56,23.650000000000002,36.03,11.56,17.94,42.885,99.96,23.650000000000002,36.03
220808_14,98.96,APOE22HN,male,Sedentary,HFD,49.0,20.4,0.0,14.11,16.11,8.055,-6.036666666666667,0.9173329564183406,0.2606750999701865,10.073333333333332,22.165,16.11,13.17,41.09,11.9,27.92,29.190000000000005,0.0,13.17,8.055,98.96,27.92,29.190000000000005
220808_15,97.67,APOE22HN,male,Sedentary,HFD,47.0,20.4,29.67,82.22,99.56,34.945,0.5933333333333337,0.9602068420084392,0.180198059401406,70.48333333333333,146.835,69.89,13.2,34.58,5.54,21.38,29.04,29.67,13.2,34.945,97.67,21.38,29.04
220808_16,98.84,APOE22HN,male,Sedentary,HFD,38.0,20.4,11.78,23.0,70.67,29.445,-23.740000000000002,0.9416797271137088,0.218493495617111,35.15,64.225,58.89,28.89,27.98,7.61,-0.9100000000000001,20.37,11.78,28.89,29.445,98.84,-0.9100000000000001,20.37
220808_17,99.91,APOE22HN,male,Sedentary,HFD,46.0,20.4,34.67,97.33,99.44,32.385,12.376666666666665,0.8800033152540225,0.3150804072968322,77.14666666666666,164.385,64.77,10.3,47.57,10.45,37.269999999999996,37.120000000000005,34.67,10.3,32.385,99.91,37.269999999999996,37.120000000000005
220808_2,99.62,APOE44HN,male,Sedentary,Control,18.0,15.2666666666667,40.22,41.67,58.56,9.170000000000002,28.47666666666666,0.8993869354019184,0.2880266746951547,46.81666666666666,91.06,18.340000000000003,43.26,45.5,9.89,2.240000000000002,35.61,40.22,43.26,9.170000000000002,99.62,2.240000000000002,35.61
220808_3,99.96,APOE44HN,male,Sedentary,Control,20.0,15.2666666666667,39.67,81.67,79.44,19.884999999999998,27.156666666666666,0.8414692622101502,0.3633822573055307,66.92666666666666,141.22500000000002,39.769999999999996,13.81,46.94,3.67,33.129999999999995,43.269999999999996,39.67,13.81,19.884999999999998,99.96,33.129999999999995,43.269999999999996
220808_4,98.76,APOE44HN,male,Sedentary,Control,27.0,15.2666666666667,2.22,20.89,65.33,31.555,-33.629999999999995,0.9733176887767051,0.14739313879748958,29.48,54.665,63.11,12.07,37.59,5.07,25.520000000000003,32.52,2.22,12.07,31.555,98.76,25.520000000000003,32.52
220808_5,99.18,APOE44HN,male,Sedentary,Control,30.0,15.2666666666667,26.22,73.22,89.56,31.67,-0.3400000000000034,0.9630967143760499,0.17348915890900726,63.0,131.11,63.34,1.46,35.97,4.82,34.51,31.15,26.22,1.46,31.67,99.18,34.51,31.15
220808_6,96.03,APOE22HN,female,Sedentary,Control,27.0,21.5,0.0,8.89,38.11,19.055,-22.443333333333335,0.955698778371916,0.19020392290309301,15.666666666666666,27.945,38.11,14.04,28.3,7.38,14.260000000000002,20.92,0.0,14.04,19.055,96.03,14.260000000000002,20.92
220808_7,93.56,APOE22HN,female,Sedentary,Control,24.0,21.5,18.33,28.78,57.0,19.335,-3.9666666666666686,0.9665607739777544,0.1650976621319978,34.70333333333333,66.445,38.67,0.26,19.98,4.6,19.72,15.38,18.33,0.26,19.335,93.56,19.72,15.38
220808_8,89.67,APOE22HN,female,Sedentary,Control,28.0,21.5,0.0,3.78,38.0,19.0,-24.07333333333333,0.9076312068737281,0.2757774743967894,13.926666666666668,22.78,38.0,6.57,17.75,4.04,11.18,13.71,0.0,6.57,19.0,89.67,11.18,13.71
220808_9,99.14,APOE22HN,female,Sedentary,HFD,41.0,19.3,26.56,59.56,89.33,31.384999999999998,-4.286666666666669,0.9995589760632149,0.01890785068837284,58.48333333333333,117.505,62.769999999999996,25.15,45.26,10.42,20.11,34.839999999999996,26.56,25.15,31.384999999999998,99.14,20.11,34.839999999999996
220905_1,90.29,APOE44,male,Sedentary,HFD,45.0,20.2,,,,,,,,,,,5.33,29.92,3.07,24.590000000000003,26.85,,5.33,,90.29,24.590000000000003,26.85
220905_10,96.72,APOE22HN,male,Sedentary,Control,32.0,20.4,,,,,,,,,,,32.65,28.28,2.89,-4.369999999999997,25.39,,32.65,,96.72,-4.369999999999997,25.39
220905_11,99.32,APOE22HN,male,Sedentary,Control,32.0,20.4,,,,,,,,,,,58.61,25.28,6.41,-33.33,18.87,,58.61,,99.32,-33.33,18.87
220905_12,95.21,APOE22HN,male,Sedentary,Control,33.0,20.4,,,,,,,,,,,34.87,49.43,7.28,14.560000000000002,42.15,,34.87,,95.21,14.560000000000002,42.15
220905_13,99.49,APOE33,female,Exercise,Control,,17.5,,,,,,,,,,,13.37,59.13,14.06,45.760000000000005,45.07,,13.37,,99.49,45.760000000000005,45.07
220905_14,97.49,APOE33,female,Exercise,Control,,17.7666666666667,,,,,,,,,,,33.63,55.38,11.07,21.75,44.31,,33.63,,97.49,21.75,44.31
220905_15,98.13,APOE33,female,Exercise,Control,,17.7666666666667,,,,,,,,,,,9.59,44.94,8.48,35.349999999999994,36.459999999999994,,9.59,,98.13,35.349999999999994,36.459999999999994
220905_16,98.01,APOE33,female,Exercise,Control,,17.5,,,,,,,,,,,22.65,52.79,12.19,30.14,40.6,,22.65,,98.01,30.14,40.6
220905_17,98.44,APOE33,female,Exercise,Control,,17.5,,,,,,,,,,,0.67,40.7,1.19,40.03,39.510000000000005,,0.67,,98.44,40.03,39.510000000000005
220905_18,91.79,APOE44HN,male,Sedentary,Control,,18.2666666666667,,,,,,,,,,,15.13,27.31,2.06,12.179999999999998,25.25,,15.13,,91.79,12.179999999999998,25.25
220905_19,93.62,APOE44HN,male,Sedentary,Control,,18.2666666666667,,,,,,,,,,,14.8,5.51,1.12,-9.290000000000001,4.39,,14.8,,93.62,-9.290000000000001,4.39
220905_2,67.22,APOE44,female,Sedentary,HFD,37.0,20.2,,,,,,,,,,,7.26,25.89,2.47,18.630000000000003,23.42,,7.26,,67.22,18.630000000000003,23.42
220905_20,69.17,APOE44HN,male,Sedentary,Control,,18.2,,,,,,,,,,,5.09,27.22,2.1,22.13,25.119999999999997,,5.09,,69.17,22.13,25.119999999999997
220905_21,99.67,APOE44,female,Exercise,Control,,17.5,,,,,,,,,,,13.94,44.23,6.41,30.29,37.81999999999999,,13.94,,99.67,30.29,37.81999999999999
220905_22,88.18,APOE44,female,Exercise,Control,,17.5,,,,,,,,,,,7.19,25.62,1.77,18.43,23.85,,7.19,,88.18,18.43,23.85
220905_23,98.44,APOE44,male,Exercise,Control,,17.3,,,,,,,,,,,6.87,24.81,2.34,17.939999999999998,22.47,,6.87,,98.44,17.939999999999998,22.47
220905_24,93.1,APOE44,male,Exercise,Control,,17.3,,,,,,,,,,,19.76,40.28,2.46,20.52,37.82,,19.76,,93.1,20.52,37.82
220905_25,96.87,APOE44,male,Exercise,Control,,17.3,,,,,,,,,,,2.81,40.35,0.89,37.54,39.46,,2.81,,96.87,37.54,39.46
220905_26,90.51,APOE33HN,female,Exercise,Control,,18.0333333333333,,,,,,,,,,,3.37,11.69,0.73,8.32,10.959999999999999,,3.37,,90.51,8.32,10.959999999999999
220905_27,97.92,APOE33HN,female,Exercise,Control,,18.0333333333333,,,,,,,,,,,2.8,26.82,1.75,24.02,25.07,,2.8,,97.92,24.02,25.07
220905_28,79.91,APOE33HN,female,Exercise,Control,,18.0333333333333,,,,,,,,,,,2.06,33.78,3.11,31.720000000000002,30.67,,2.06,,79.91,31.720000000000002,30.67
220905_29,88.29,APOE33HN,female,Exercise,Control,,18.0333333333333,,,,,,,,,,,0.52,14.39,1.8,13.870000000000001,12.59,,0.52,,88.29,13.870000000000001,12.59
220905_3,93.03,APOE44,male,Sedentary,HFD,36.0,20.2,,,,,,,,,,,15.54,31.29,5.91,15.75,25.38,,15.54,,93.03,15.75,25.38
220905_4,97.57,APOE33HN,male,Exercise,Control,34.0,18.0666666666667,,,,,,,,,,,28.87,21.67,2.24,-7.199999999999999,19.43,,28.87,,97.57,-7.199999999999999,19.43
220905_5,96.01,APOE33HN,male,Exercise,Control,32.0,18.0666666666667,,,,,,,,,,,10.39,19.81,1.44,9.419999999999998,18.369999999999997,,10.39,,96.01,9.419999999999998,18.369999999999997
220905_6,76.91,APOE33HN,male,Exercise,Control,33.0,18.0666666666667,,,,,,,,,,,2.98,17.29,3.13,14.309999999999999,14.16,,2.98,,76.91,14.309999999999999,14.16
220905_7,84.1,APOE44,male,Sedentary,HFD,45.0,20.2,,,,,,,,,,,1.81,19.34,0.72,17.53,18.62,,1.81,,84.1,17.53,18.62
220905_8,93.68,APOE44,female,Sedentary,HFD,37.0,20.2,,,,,,,,,,,23.41,21.95,1.99,-1.4600000000000009,19.96,,23.41,,93.68,-1.4600000000000009,19.96
220905_9,99.37,APOE44,male,Sedentary,HFD,36.0,20.2,,,,,,,,,,,20.0,28.76,3.53,8.760000000000002,25.23,,20.0,,99.37,8.760000000000002,25.23
221101_1,98.8,APOE44,male,Sedentary,HFD,44.0,13.1333333333333,2.22,5.89,12.56,5.17,-3.4499999999999993,0.9862587546072542,0.10565905895322815,6.890000000000001,13.28,10.34,7.15,19.74,3.06,12.589999999999998,16.68,2.22,7.15,5.17,98.8,12.589999999999998,16.68
221101_10,95.33,APOE44,male,Exercise,Control,,19.4,0.0,12.0,27.11,13.554999999999998,-14.073333333333329,0.9978138270859926,0.04210333788625394,13.036666666666667,25.555,27.11,15.09,20.01,2.12,4.920000000000002,17.89,0.0,15.09,13.554999999999998,95.33,4.920000000000002,17.89
221101_11,98.18,APOE44,male,Exercise,Control,,19.4,2.33,16.89,35.67,16.67,-15.043333333333337,0.9973404556957184,0.04644030192852914,18.296666666666667,35.89,33.34,1.39,21.3,2.97,19.91,18.330000000000002,2.33,1.39,16.67,98.18,19.91,18.330000000000002
221101_12,92.33,APOE44,male,Exercise,Control,,19.4,1.11,5.33,31.89,15.39,-18.003333333333337,0.9222984006142994,0.252617337958648,12.776666666666666,21.83,30.78,2.8,19.24,3.26,16.439999999999998,15.979999999999999,1.11,2.8,15.39,92.33,16.439999999999998,15.979999999999999
221101_13,98.33,APOE22HN,female,Sedentary,Control,,15.6666666666667,0.0,35.44,48.56,24.28,-20.560000000000002,0.9665458050257697,0.16513481924435808,28.0,59.72,48.56,5.52,36.32,3.96,30.8,32.36,0.0,5.52,24.28,98.33,30.8,32.36
221101_14,90.94,APOE22HN,female,Sedentary,Control,,15.6666666666667,3.78,16.78,42.0,19.11,-17.366666666666664,0.9833857618131281,0.1162086527383813,20.853333333333335,39.67,38.22,26.59,29.41,6.04,2.8200000000000003,23.37,3.78,26.59,19.11,90.94,2.8200000000000003,23.37
221101_15,98.11,APOE22HN,male,Sedentary,Control,,15.6666666666667,7.78,35.11,30.11,11.165,2.003333333333334,0.7672504278000898,0.4432486927129947,24.333333333333332,54.055,22.33,23.5,24.01,5.15,0.5100000000000016,18.86,7.78,23.5,11.165,98.11,0.5100000000000016,18.86
221101_16,95.77,APOE22HN,male,Sedentary,Control,,15.6666666666667,1.67,8.44,44.0,21.165,-24.293333333333333,0.930809320137219,0.23820748185644866,18.036666666666665,31.275,42.33,19.44,22.75,3.39,3.3099999999999987,19.36,1.67,19.44,21.165,95.77,3.3099999999999987,19.36
221101_17,96.0,APOE22HN,male,Sedentary,Control,,15.6666666666667,7.89,47.89,68.44,30.274999999999995,-19.143333333333324,0.9832339993806014,0.1167396845132453,41.406666666666666,86.055,60.55,7.72,17.29,5.89,9.57,11.399999999999999,7.89,7.72,30.274999999999995,96.0,9.57,11.399999999999999
221101_18,74.61,APOE22HN,male,Sedentary,Control,,15.6666666666667,1.67,13.89,24.0,11.165,-9.14333333333333,0.9985151994683273,0.03469628123252324,13.186666666666667,26.725,22.33,9.76,30.25,0.95,20.490000000000002,29.3,1.67,9.76,11.165,74.61,20.490000000000002,29.3
221101_19,97.17,APOE22HN,male,Sedentary,Control,,15.6666666666667,13.56,16.11,68.78,27.61,-22.40333333333333,0.8857521833538586,0.3072863574905642,32.81666666666667,57.28,55.22,18.98,34.73,6.55,15.749999999999996,28.179999999999996,13.56,18.98,27.61,97.17,15.749999999999996,28.179999999999996
221101_2,84.73,APOE44,male,Sedentary,HFD,41.0,13.1333333333333,0.0,0.0,9.44,4.72,-6.293333333333333,0.8660254037844387,0.33333333333333326,3.1466666666666665,4.72,9.44,8.07,20.42,2.38,12.350000000000001,18.040000000000003,0.0,8.07,4.72,84.73,12.350000000000001,18.040000000000003
221101_20,51.88,APOE44HN,female,Exercise,Control,28.0,18.1,0.0,5.67,11.78,5.89,-5.963333333333333,0.9997675593508671,0.013726492378708764,5.816666666666666,11.559999999999999,11.78,2.24,14.51,2.24,12.27,12.27,0.0,2.24,5.89,51.88,12.27,12.27
221101_21,95.22,APOE44HN,female,Exercise,Control,,18.1,7.22,26.22,54.33,23.555,-17.853333333333335,0.9938252095218721,0.07078316213725676,29.256666666666664,56.995,47.11,9.72,21.09,0.75,11.37,20.34,7.22,9.72,23.555,95.22,11.37,20.34
221101_22,73.07,APOE44HN,female,Exercise,Control,16.0,18.1,7.11,6.0,46.67,19.78,-19.633333333333336,0.8537986409769994,0.3485859314642668,19.926666666666666,32.89,39.56,12.28,24.44,6.91,12.160000000000002,17.53,7.11,12.28,19.78,73.07,12.160000000000002,17.53
221101_23,99.9,APOE44HN,female,Exercise,Control,27.0,18.1,13.78,18.44,38.0,12.11,-0.8133333333333326,0.9423256164716561,0.21726828430480064,23.406666666666666,44.33,24.22,12.19,34.32,8.06,22.130000000000003,26.259999999999998,13.78,12.19,12.11,99.9,22.130000000000003,26.259999999999998
221101_24,86.66,APOE44HN,female,Exercise,Control,23.0,18.1,0.0,2.44,11.78,5.89,-7.04,0.9472979919217995,0.20760353915922025,4.739999999999999,8.33,11.78,0.0,11.23,3.19,11.23,8.040000000000001,0.0,0.0,5.89,86.66,11.23,8.040000000000001
221101_3,98.71,APOE44HN,male,Sedentary,HFD,42.0,24.8333333333333,17.0,19.0,58.44,20.72,-9.959999999999997,0.8866276216577523,0.30608347463248264,31.48,56.72,41.44,20.22,22.93,7.5,2.710000000000001,15.43,17.0,20.22,20.72,98.71,2.710000000000001,15.43
221101_4,87.08,APOE44HN,female,Sedentary,HFD,38.0,24.8333333333333,0.0,0.0,27.22,13.61,-18.14666666666667,0.8660254037844386,0.3333333333333334,9.073333333333332,13.61,27.22,3.94,7.53,0.45,3.5900000000000003,7.08,0.0,3.94,13.61,87.08,3.5900000000000003,7.08
221101_5,91.5,APOE44HN,male,Sedentary,Control,,16.8,4.56,1.33,16.33,5.885,-4.363333333333333,0.7454287674580737,0.4644895551901159,7.406666666666666,11.774999999999999,11.77,2.69,14.74,2.91,12.05,11.83,4.56,2.69,5.885,91.5,12.05,11.83
221101_6,94.13,APOE44HN,male,Sedentary,Control,,16.8,1.11,3.78,2.56,0.725,1.033333333333333,0.5424007612407187,0.6350308989793613,2.483333333333333,5.615,1.45,0.2,13.3,0.52,13.100000000000001,12.780000000000001,1.11,0.2,0.725,94.13,13.100000000000001,12.780000000000001
221101_7,97.11,APOE44,female,Exercise,Control,,19.4,3.89,29.0,37.22,16.665,-9.959999999999997,0.9597659382785774,0.18120035339395824,23.37,49.555,33.33,4.44,18.49,2.93,14.049999999999997,15.559999999999999,3.89,4.44,16.665,97.11,14.049999999999997,15.559999999999999
221101_8,82.03,APOE44,female,Exercise,Control,,19.4,0.0,10.44,45.67,22.835,-26.96666666666667,0.9542379273584765,0.19333844502708555,18.703333333333333,33.275,45.67,20.96,38.32,6.94,17.36,31.38,0.0,20.96,22.835,82.03,17.36,31.38
221101_9,98.24,APOE44,female,Exercise,Control,,19.4,3.78,26.11,62.11,29.165,-27.66333333333333,0.9909699924233608,0.08561828560611245,30.666666666666668,59.055,58.33,8.65,40.87,8.46,32.22,32.41,3.78,8.65,29.165,98.24,32.22,32.41
230213_1,94.74,APOE22,male,Sedentary,Control,31.0,19.6333333333333,4.89,39.11,80.78,37.945,-34.29666666666667,0.9983976868420493,0.03604348925664834,41.593333333333334,81.945,75.89,19.59,34.42,6.99,14.830000000000002,27.43,4.89,19.59,37.945,94.74,14.830000000000002,27.43
230213_10,93.02,APOE33HN,male,Sedentary,Control,29.0,7.63333333333333,0.0,0.0,12.89,6.445,-8.593333333333334,0.8660254037844387,0.33333333333333326,4.296666666666667,6.445,12.89,3.02,36.14,6.96,33.12,29.18,0.0,3.02,6.445,93.02,33.12,29.18
230213_11,81.99,KO,female,Sedentary,Control,26.0,15.1333333333333,11.22,80.56,96.22,42.5,-22.333333333333336,0.9394981826867616,0.22258385772053152,62.666666666666664,134.28,85.0,34.96,40.91,5.77,5.949999999999996,35.14,11.22,34.96,42.5,81.99,5.949999999999996,35.14
230213_12,74.11,KO,female,Sedentary,Control,23.0,15.1333333333333,14.89,0.0,49.56,17.335,-13.186666666666667,0.6816922991045853,0.5224885864437863,21.483333333333334,32.225,34.67,31.67,24.61,5.17,-7.060000000000002,19.439999999999998,14.89,31.67,17.335,74.11,-7.060000000000002,19.439999999999998
230213_13,93.48,KO,female,Sedentary,Control,23.0,15.1333333333333,0.0,71.89,88.11,44.055,-34.776666666666664,0.9394467748178515,0.2226793770968774,53.333333333333336,115.945,88.11,10.11,39.31,8.33,29.200000000000003,30.980000000000004,0.0,10.11,44.055,93.48,29.200000000000003,30.980000000000004
230213_14,88.8,KO,female,Sedentary,Control,25.0,14.8,0.0,2.67,76.89,38.445,-50.370000000000005,0.880914982056817,0.313856279107449,26.52,41.115,76.89,10.78,48.28,6.86,37.5,41.42,0.0,10.78,38.445,88.8,37.5,41.42
230213_15,99.17,KO,male,Sedentary,Control,32.0,14.5666666666667,6.33,45.78,87.78,40.725,-34.82000000000001,0.999836679564501,0.011505918577921902,46.629999999999995,92.83500000000001,81.45,19.81,45.18,8.58,25.37,36.6,6.33,19.81,40.725,99.17,25.37,36.6
230213_16,96.3,KO,male,Sedentary,Control,31.0,16.3,0.0,18.78,85.0,42.5,-50.406666666666666,0.9518062567776024,0.19844961423888224,34.593333333333334,61.28,85.0,28.52,43.88,7.87,15.360000000000003,36.010000000000005,0.0,28.52,42.5,96.3,15.360000000000003,36.010000000000005
230213_17,99.56,KO,male,Sedentary,Control,30.0,16.3,2.0,13.0,85.11,41.555,-49.74,0.9204898229531292,0.2555800436979539,33.37,56.555,83.11,5.41,32.51,2.33,27.099999999999998,30.18,2.0,5.41,41.555,99.56,27.099999999999998,30.18
230213_18,98.86,KO,male,Sedentary,Control,32.0,16.3,5.22,58.67,89.56,42.17,-33.190000000000005,0.9882841195228722,0.09754556140589507,51.15,106.06,84.34,12.33,53.24,6.86,40.910000000000004,46.38,5.22,12.33,42.17,98.86,40.910000000000004,46.38
230213_19,98.58,KO,female,Sedentary,Control,29.0,14.5666666666667,1.11,82.44,87.44,43.165,-29.33333333333333,0.8906648373904853,0.30047878573249176,56.99666666666667,126.715,86.33,12.91,26.65,8.17,13.739999999999998,18.479999999999997,1.11,12.91,43.165,98.58,13.739999999999998,18.479999999999997
230213_2,77.11,APOE22,male,Sedentary,Control,27.0,19.6333333333333,0.0,0.0,25.44,12.72,-16.96,0.8660254037844387,0.33333333333333326,8.48,12.72,25.44,4.44,22.89,3.33,18.45,19.560000000000002,0.0,4.44,12.72,77.11,18.45,19.560000000000002
230213_20,95.72,KO,female,Sedentary,Control,28.0,14.5666666666667,0.0,46.89,64.78,32.39,-27.556666666666665,0.9681841827775086,0.16101817165239604,37.223333333333336,79.28,64.78,13.09,26.91,4.4,13.82,22.509999999999998,0.0,13.09,32.39,95.72,13.82,22.509999999999998
230213_3,92.7,APOE22,male,Sedentary,Control,,19.6333333333333,1.22,11.44,70.22,34.5,-41.373333333333335,0.9264437320520963,0.24569917536736144,27.626666666666665,47.16,69.0,3.24,26.06,1.07,22.82,24.99,1.22,3.24,34.5,92.7,22.82,24.99
230213_4,86.79,APOE22,male,Sedentary,Control,32.0,19.6333333333333,0.0,3.56,53.44,26.72,-34.44,0.8942740914519651,0.2953851017932931,19.0,30.28,53.44,1.39,32.56,0.53,31.17,32.03,0.0,1.39,26.72,86.79,31.17,32.03
230213_5,86.53,APOE22,male,Sedentary,Control,29.0,19.6333333333333,0.0,38.22,63.44,31.72,-29.553333333333335,0.9930740566019663,0.07496966443146875,33.88666666666666,69.94,63.44,19.41,35.16,1.63,15.749999999999996,33.529999999999994,0.0,19.41,31.72,86.53,15.749999999999996,33.529999999999994
230213_6,90.2,APOE44,male,Sedentary,Control,28.0,19.5333333333333,0.0,5.11,13.78,6.89,-7.4833333333333325,0.9890585038567536,0.09426061289729797,6.296666666666667,12.0,13.78,5.69,12.49,1.04,6.8,11.45,0.0,5.69,6.89,90.2,6.8,11.45
230213_7,85.04,APOE44,male,Sedentary,Control,30.0,19.5666666666667,5.22,19.0,66.11,30.445,-30.78,0.9535167048562861,0.19486793533211985,30.11,54.665,60.89,6.24,14.8,3.16,8.56,11.64,5.22,6.24,30.445,85.04,8.56,11.64
230213_8,93.33,APOE44,male,Sedentary,Control,27.0,19.5666666666667,0.0,4.33,25.0,12.499999999999998,-15.223333333333331,0.9356024466431128,0.22971451852483948,9.776666666666666,16.83,25.0,18.69,15.81,2.73,-2.880000000000001,13.08,0.0,18.69,12.499999999999998,93.33,-2.880000000000001,13.08
230213_9,81.0,APOE33HN,male,Sedentary,Control,35.0,7.63333333333333,2.67,38.0,47.56,22.445,-15.48,0.9492212356514804,0.20374702760770572,29.41,63.115,44.89,2.61,14.36,0.67,11.75,13.69,2.67,2.61,22.445,81.0,11.75,13.69
230313_1,99.88,APOE22,male,Exercise,Control,30.0,17.6666666666667,0.0,32.33,59.44,29.72,-28.849999999999998,0.998717091189281,0.03225072303676152,30.59,62.05,59.44,6.11,20.68,4.22,14.57,16.46,0.0,6.11,29.72,99.88,14.57,16.46
230313_10,85.01,KO,female,Sedentary,Control,25.0,18.2333333333333,0.0,13.0,82.78,41.39,-50.85333333333334,0.9297494669468355,0.24004672113880554,31.926666666666666,54.39,82.78,3.2,24.96,7.52,21.76,17.44,0.0,3.2,41.39,85.01,21.76,17.44
230313_11,99.93,KO,female,Sedentary,Control,27.0,18.2333333333333,0.0,36.0,99.11,49.55499999999999,-54.073333333333316,0.9877583305586207,0.09971476805153892,45.03666666666667,85.555,99.11,21.65,15.39,2.61,-6.259999999999998,12.780000000000001,0.0,21.65,49.55499999999999,99.93,-6.259999999999998,12.780000000000001
230313_12,85.39,KO,female,Sedentary,Control,24.0,18.2333333333333,0.0,12.56,80.0,40.0,-49.14666666666666,0.9297337499189277,0.2400738950321074,30.853333333333335,52.56,80.0,25.74,14.77,3.78,-10.969999999999999,10.99,0.0,25.74,40.0,85.39,-10.969999999999999,10.99
230313_13,100.0,KO,male,Sedentary,Control,32.0,19.0,2.67,36.78,95.11,46.22,-47.586666666666666,0.9887513388770387,0.09557701929292356,44.85333333333333,85.66999999999999,92.44,3.09,13.54,2.46,10.45,11.079999999999998,2.67,3.09,46.22,100.0,10.45,11.079999999999998
230313_14,97.84,KO,male,Sedentary,Control,32.0,19.0,27.78,14.33,30.11,1.1649999999999991,21.743333333333336,0.13676890309977932,0.9126564506148959,24.073333333333334,43.275,2.3299999999999983,39.96,65.08,15.06,25.119999999999997,50.019999999999996,27.78,39.96,1.1649999999999991,97.84,25.119999999999997,50.019999999999996
230313_15,100.0,KO,male,Sedentary,Control,33.0,19.0,6.33,82.78,71.67,32.67,-11.74666666666667,0.790917126251734,0.419207765048381,53.593333333333334,121.78,65.34,38.59,46.92,5.52,8.329999999999998,41.400000000000006,6.33,38.59,32.67,100.0,8.329999999999998,41.400000000000006
230313_16,85.03,APOE22,female,Sedentary,HFD,45.0,18.9,1.11,4.89,60.56,29.725,-37.263333333333335,0.8930185542388557,0.29716619172829123,22.186666666666667,35.725,59.45,8.46,18.45,2.84,9.989999999999998,15.61,1.11,8.46,29.725,85.03,9.989999999999998,15.61
230313_17,92.21,APOE22,female,Sedentary,HFD,32.0,18.9,0.0,50.56,32.44,16.22,-4.77333333333333,0.633204043377578,0.5634787929140176,27.666666666666668,66.78,32.44,4.35,25.3,5.73,20.950000000000003,19.57,0.0,4.35,16.22,92.21,20.950000000000003,19.57
230313_18,82.28,APOE22,female,Sedentary,HFD,27.0,18.9,0.0,14.11,62.33,31.164999999999996,-36.849999999999994,0.9535375838479828,0.19482382094577494,25.48,45.275,62.33,8.91,20.15,2.24,11.239999999999998,17.909999999999997,0.0,8.91,31.164999999999996,82.28,11.239999999999998,17.909999999999997
230313_2,85.48,APOE22,male,Exercise,Control,31.0,17.6666666666667,1.11,5.78,19.78,9.335,-9.780000000000001,0.9608084997317555,0.17882150911490938,8.89,16.225,18.67,0.0,8.43,1.11,8.43,7.319999999999999,1.11,0.0,9.335,85.48,8.43,7.319999999999999
230313_3,92.12,APOE22,male,Exercise,Control,29.0,17.6666666666667,0.0,11.11,41.89,20.945,-24.223333333333333,0.9651608131248518,0.1685381140404708,17.666666666666668,32.055,41.89,0.5,15.79,1.27,15.29,14.52,0.0,0.5,20.945,92.12,15.29,14.52
230313_4,83.76,APOE22,female,Exercise,Control,19.0,17.6666666666667,0.0,25.44,71.67,35.835,-39.300000000000004,0.9862639373074003,0.1056390858329045,32.37,61.275,71.67,0.63,25.3,1.1,24.67,24.2,0.0,0.63,35.835,83.76,24.67,24.2
230313_5,99.98,APOE22,female,Exercise,Control,24.0,17.6666666666667,0.0,25.0,78.11,39.055,-43.74,0.9790894022762733,0.13041815204457924,34.37,64.055,78.11,29.22,35.13,5.13,5.910000000000004,30.000000000000004,0.0,29.22,39.055,99.98,5.910000000000004,30.000000000000004
230313_6,79.38,APOE22,female,Exercise,Control,22.0,17.6666666666667,0.0,7.89,5.33,2.665,-0.9233333333333338,0.6620748514759378,0.5393521624196084,4.406666666666666,10.555,5.33,0.8,18.87,1.04,18.07,17.830000000000002,0.0,0.8,2.665,79.38,18.07,17.830000000000002
230313_7,98.94,APOE22,female,Exercise,Control,24.0,17.8666666666667,2.89,9.78,45.22,21.165,-23.03333333333333,0.9318433343667976,0.23639994701014072,19.296666666666667,33.835,42.33,4.8,33.31,2.01,28.51,31.300000000000004,2.89,4.8,21.165,98.94,28.51,31.300000000000004
230313_8,76.92,APOE22,female,Exercise,Control,24.0,17.8666666666667,0.0,0.0,63.33,31.665,-42.22,0.8660254037844388,0.3333333333333331,21.11,31.665,63.33,1.93,26.21,6.56,24.28,19.650000000000002,0.0,1.93,31.665,76.92,24.28,19.650000000000002
230313_9,98.7,APOE22,female,Exercise,Control,23.0,17.6333333333333,3.44,31.89,64.67,30.615000000000002,-27.89666666666667,0.9991675589791201,0.02597777727746182,33.333333333333336,65.945,61.230000000000004,1.67,31.06,3.87,29.39,27.189999999999998,3.44,1.67,30.615000000000002,98.7,29.39,27.189999999999998
230410_1,95.93,APOE22,male,Sedentary,HFD,36.0,19.7666666666667,0.0,0.0,57.33,28.665,-38.22,0.8660254037844387,0.33333333333333326,19.11,28.665,57.33,3.19,11.61,4.93,8.42,6.68,0.0,3.19,28.665,95.93,8.42,6.68
230410_10,98.67,APOE33HN,male,Sedentary,HFD,,22.0,9.89,52.78,73.89,32.0,-18.479999999999997,0.9812393653673153,0.12350945377017704,45.52,94.67,64.0,56.63,41.29,12.29,-15.340000000000003,29.0,9.89,56.63,32.0,98.67,-15.340000000000003,29.0
230410_11,99.82,APOE33HN,male,Sedentary,HFD,,22.0,6.11,15.78,10.89,2.39,6.146666666666667,0.49430164582298153,0.6708476598804142,10.926666666666668,24.28,4.78,27.96,30.11,9.05,2.1499999999999986,21.06,6.11,27.96,2.39,99.82,2.1499999999999986,21.06
230410_12,99.06,APOE33HN,male,Sedentary,HFD,43.0,22.0,2.89,16.11,81.0,39.055,-44.776666666666664,0.9341870159356502,0.2322533757333249,33.333333333333336,58.055,78.11,12.74,44.31,16.11,31.57,28.200000000000003,2.89,12.74,39.055,99.06,31.57,28.200000000000003
230410_13,98.08,APOE33HN,male,Sedentary,HFD,40.0,22.0,0.0,10.44,56.56,28.279999999999998,-34.22666666666666,0.9396194454287531,0.22235838728930038,22.333333333333332,38.72,56.56,7.19,25.56,8.12,18.369999999999997,17.439999999999998,0.0,7.19,28.279999999999998,98.08,18.369999999999997,17.439999999999998
230410_14,85.01,APOE33HN,female,Sedentary,HFD,,22.0,16.78,62.67,77.56,30.389999999999997,-8.443333333333328,0.9592740743440068,0.18231216706660247,52.336666666666666,109.84,60.78,18.91,3.36,1.69,-15.55,1.67,16.78,18.91,30.389999999999997,85.01,-15.55,1.67
230410_15,95.64,KO,female,Sedentary,Control,,19.3666666666667,0.0,21.78,5.11,2.555,3.8533333333333326,0.22432292157618125,0.8559659253204622,8.963333333333333,24.335,5.11,8.76,19.24,4.39,10.479999999999999,14.849999999999998,0.0,8.76,2.555,95.64,10.479999999999999,14.849999999999998
230410_16,99.72,KO,female,Sedentary,Control,,19.3666666666667,43.22,98.67,75.22,16.0,40.36999999999999,0.5748231964328757,0.6101416502851664,72.36999999999999,157.89,32.0,21.54,26.13,8.48,4.59,17.65,43.22,21.54,16.0,99.72,4.59,17.65
230410_17,96.2,KO,female,Sedentary,Control,28.0,19.3666666666667,17.56,37.67,71.67,27.055,-11.809999999999995,0.989195248108785,0.09366866575484646,42.300000000000004,82.285,54.11,26.87,40.02,9.43,13.150000000000002,30.590000000000003,17.56,26.87,27.055,96.2,13.150000000000002,30.590000000000003
230410_18,96.79,KO,female,Sedentary,Control,28.0,19.3666666666667,32.89,82.56,99.89,33.5,4.780000000000001,0.963293641797371,0.17302276528871757,71.78,148.95,67.0,47.91,29.25,11.38,-18.659999999999997,17.869999999999997,32.89,47.91,33.5,96.79,-18.659999999999997,17.869999999999997
230410_19,100.0,KO,male,Sedentary,Control,33.0,19.3666666666667,0.0,17.0,73.78,36.89,-43.519999999999996,0.9548082495789149,0.19212061512272705,30.26,53.89,73.78,21.24,29.17,3.17,7.930000000000003,26.0,0.0,21.24,36.89,100.0,7.930000000000003,26.0
230410_2,97.46,APOE33,male,Sedentary,HFD,42.0,19.4,4.33,21.89,66.33,30.999999999999996,-31.149999999999995,0.9700718656665696,0.1561435578422143,30.849999999999998,57.22,62.0,20.76,45.93,10.42,25.169999999999998,35.51,4.33,20.76,30.999999999999996,97.46,25.169999999999998,35.51
230410_20,98.68,KO,male,Sedentary,Control,33.0,19.3666666666667,0.0,39.89,88.89,44.445,-45.96333333333333,0.9982540125319977,0.037625206444676554,42.92666666666667,84.33500000000001,88.89,21.26,42.27,3.01,21.01,39.260000000000005,0.0,21.26,44.445,98.68,21.01,39.260000000000005
230410_3,99.18,APOE33,female,Sedentary,HFD,41.0,19.4,0.0,3.11,44.22,22.11,-28.443333333333335,0.8958060424429853,0.29319831311183414,15.776666666666666,25.22,44.22,0.56,13.89,3.87,13.33,10.02,0.0,0.56,22.11,99.18,13.33,10.02
230410_4,97.52,APOE33,female,Sedentary,HFD,28.0,19.4,3.0,21.33,67.44,32.22,-33.849999999999994,0.9703942894564539,0.15529597334000214,30.59,56.55,64.44,0.28,29.17,1.1,28.89,28.07,3.0,0.28,32.22,97.52,28.89,28.07
230410_5,84.03,APOE33,female,Sedentary,HFD,43.0,18.2666666666667,0.0,4.89,15.22,7.61,-8.516666666666667,0.9793647218937145,0.12955373588662009,6.703333333333333,12.5,15.22,0.93,34.89,0.51,33.96,34.38,0.0,0.93,7.61,84.03,33.96,34.38
230410_6,97.76,APOE33,female,Sedentary,HFD,30.0,18.2666666666667,2.22,36.89,85.67,41.725,-41.85666666666667,0.9952689281579581,0.06195070659091172,41.593333333333334,80.83500000000001,83.45,32.54,45.22,7.5,12.68,37.72,2.22,32.54,41.725,97.76,12.68,37.72
230410_7,98.13,APOE33,female,Sedentary,HFD,39.0,18.2666666666667,3.44,25.89,49.22,22.89,-19.596666666666668,0.9999384224505564,0.007064941176252837,26.183333333333334,52.22,45.78,8.89,29.38,2.69,20.49,26.689999999999998,3.44,8.89,22.89,98.13,20.49,26.689999999999998
230410_8,97.37,APOE22HN,male,Sedentary,HFD,34.0,21.3333333333333,13.89,47.11,66.67,26.39,-10.223333333333336,0.9890197505752537,0.09442770062127909,42.556666666666665,87.39,52.78,8.37,8.73,2.36,0.3600000000000012,6.370000000000001,13.89,8.37,26.39,97.37,0.3600000000000012,6.370000000000001
230410_9,98.28,APOE22HN,female,Sedentary,HFD,52.0,19.7,0.0,15.33,82.0,41.0,-49.556666666666665,0.9404437479762885,0.22081986555945138,32.443333333333335,56.33,82.0,26.83,20.29,3.41,-6.539999999999999,16.88,0.0,26.83,41.0,98.28,-6.539999999999999,16.88
230508_1,97.56,KO,female,Sedentary,HFD,30.0,15.4666666666667,6.44,100.0,100.0,46.78,-24.74666666666667,0.8660254037844387,0.33333333333333326,68.81333333333333,153.22,93.56,3.04,53.79,14.25,50.75,39.54,6.44,3.04,46.78,97.56,50.75,39.54
230508_10,91.3,KO,male,Sedentary,HFD,32.0,19.1666666666667,0.0,28.56,34.22,17.11,-13.293333333333333,0.9327985236126726,0.23471841411536437,20.926666666666666,45.67,34.22,5.22,13.94,2.32,8.719999999999999,11.62,0.0,5.22,17.11,91.3,8.719999999999999,11.62
230508_11,83.19,KO,female,Sedentary,HFD,27.0,19.4333333333333,2.56,17.0,90.89,44.165,-51.51333333333333,0.9321011764402022,0.23594716348168646,36.81666666666667,63.725,88.33,2.65,28.79,2.04,26.14,26.75,2.56,2.65,44.165,83.19,26.14,26.75
230508_12,74.48,KO,female,Sedentary,HFD,,19.4333333333333,1.33,17.56,47.0,22.835,-23.706666666666667,0.9863408823802093,0.10534211308627982,21.963333333333335,41.725,45.67,6.41,27.77,7.16,21.36,20.61,1.33,6.41,22.835,74.48,21.36,20.61
230508_13,98.33,KO,female,Sedentary,HFD,34.0,19.4333333333333,6.0,89.22,94.56,44.28,-25.300000000000004,0.8916553561680813,0.2990888788697008,63.26,139.5,88.56,8.59,43.53,5.71,34.94,37.82,6.0,8.59,44.28,98.33,34.94,37.82
230508_14,93.33,KO,female,Sedentary,HFD,29.0,19.4333333333333,0.0,49.56,77.56,38.78,-35.18666666666667,0.9873649077784437,0.10130775025214689,42.373333333333335,88.34,77.56,12.63,16.9,3.84,4.269999999999998,13.059999999999999,0.0,12.63,38.78,93.33,4.269999999999998,13.059999999999999
230508_15,93.96,KO,female,Sedentary,HFD,27.0,19.0333333333333,0.0,9.56,82.56,41.28,-51.85333333333334,0.914083498565117,0.2658232758458925,30.706666666666667,50.84,82.56,0.31,1.88,1.18,1.5699999999999998,0.7,0.0,0.31,41.28,93.96,1.5699999999999998,0.7
230508_16,96.14,KO,male,Sedentary,HFD,30.0,19.0333333333333,0.0,1.22,44.89,22.445,-29.520000000000003,0.8777059271687259,0.318146033249713,15.37,23.665,44.89,0.0,4.28,0.69,4.28,3.5900000000000003,0.0,0.0,22.445,96.14,4.28,3.5900000000000003
230508_17,94.18,APOE44HN,male,Sedentary,Control,31.0,19.0666666666667,25.0,46.11,81.33,28.164999999999996,-5.516666666666659,0.9897038385984194,0.09143366487458536,50.81333333333333,99.275,56.33,41.19,26.81,4.22,-14.379999999999999,22.59,25.0,41.19,28.164999999999996,94.18,-14.379999999999999,22.59
230508_18,98.13,APOE44HN,male,Sedentary,Control,28.0,19.0666666666667,1.44,32.89,60.44,29.499999999999996,-27.409999999999993,0.9992725555220168,0.024284064468924574,31.59,63.83,59.0,54.83,37.56,9.06,-17.269999999999996,28.5,1.44,54.83,29.499999999999996,98.13,-17.269999999999996,28.5
230508_19,99.32,APOE44HN,male,Sedentary,Control,30.0,18.2333333333333,2.89,14.89,52.78,24.945,-26.37,0.9579287541295335,0.1853200030073966,23.52,42.725,49.89,11.24,18.15,6.46,6.909999999999998,11.689999999999998,2.89,11.24,24.945,99.32,6.909999999999998,11.689999999999998
230508_2,96.53,KO,female,Sedentary,HFD,30.0,15.4666666666667,1.22,7.0,70.67,34.725,-43.153333333333336,0.901083210271773,0.2855464699251662,26.296666666666667,42.945,69.45,1.7,15.33,1.91,13.63,13.42,1.22,1.7,34.725,96.53,13.63,13.42
230508_3,99.99,KO,female,Sedentary,HFD,28.0,15.4666666666667,13.78,79.67,100.0,43.11,-21.736666666666665,0.956478347290102,0.18851053765761006,64.48333333333333,136.56,86.22,13.28,52.53,4.7,39.25,47.83,13.78,13.28,43.11,99.99,39.25,47.83
230508_4,95.96,KO,female,Sedentary,HFD,26.0,15.6,0.0,70.89,94.56,47.28,-39.410000000000004,0.9608626654920744,0.17869707525660644,55.15,118.16999999999999,94.56,4.52,47.92,8.81,43.400000000000006,39.11,0.0,4.52,47.28,95.96,43.400000000000006,39.11
230508_5,96.78,KO,female,Sedentary,HFD,32.0,15.6,6.44,24.22,91.56,42.56,-44.38,0.947877980789587,0.20644785955711764,40.74,73.22,85.12,0.7,15.67,1.09,14.97,14.58,6.44,0.7,42.56,96.78,14.97,14.58
230508_6,98.82,KO,male,Sedentary,Control,32.0,19.7333333333333,0.0,25.56,52.33,26.165,-26.366666666666664,0.9999109036368793,0.0084982271202708,25.963333333333335,51.725,52.33,33.78,31.93,7.83,-1.8500000000000014,24.1,0.0,33.78,26.165,98.82,-1.8500000000000014,24.1
230508_7,90.18,KO,male,Sedentary,Control,31.0,19.7333333333333,14.22,93.33,94.78,40.28,-13.116666666666674,0.8737818968419582,0.323320669959898,67.44333333333333,147.83,80.56,2.22,52.67,6.0,50.45,46.67,14.22,2.22,40.28,90.18,50.45,46.67
230508_8,98.96,KO,male,Sedentary,HFD,39.0,19.1666666666667,1.11,28.0,74.22,36.555,-38.666666666666664,0.9885488554889122,0.09643504157475656,34.443333333333335,65.66499999999999,73.11,15.93,39.97,2.38,24.04,37.589999999999996,1.11,15.93,36.555,98.96,24.04,37.589999999999996
230508_9,97.83,KO,male,Sedentary,HFD,36.0,19.1666666666667,2.11,17.56,77.0,37.445,-42.666666666666664,0.9470228180010892,0.2081496831397098,32.223333333333336,57.115,74.89,12.2,25.31,3.3,13.11,22.009999999999998,2.11,12.2,37.445,97.83,13.11,22.009999999999998
230605_1,95.61,APOE44HN,female,Sedentary,HFD,43.0,20.2333333333333,1.22,20.78,13.56,6.17,-0.48666666666666636,0.6237960586711989,0.5711791575667118,11.853333333333333,28.17,12.34,0.43,14.4,7.21,13.97,7.19,1.22,0.43,6.17,95.61,13.97,7.19
230605_10,98.6,APOE33,male,Sedentary,HFD,46.0,14.6333333333333,88.33,100.0,99.56,5.615000000000002,84.73333333333332,0.848915644529339,0.3545119548883346,95.96333333333332,193.945,11.230000000000004,6.24,31.85,2.53,25.61,29.32,88.33,6.24,5.615000000000002,98.6,25.61,29.32
230605_11,97.59,APOE33,male,Sedentary,HFD,51.0,19.5666666666667,2.33,12.11,78.56,38.115,-45.230000000000004,0.9189334750406803,0.2581038005309118,31.0,52.555,76.23,2.31,24.84,6.93,22.53,17.91,2.33,2.31,38.115,97.59,22.53,17.91
230605_12,99.72,APOE33,male,Sedentary,HFD,40.0,19.5666666666667,8.11,55.44,91.89,41.89,-31.96666666666667,0.9972010220688683,0.047642682727380634,51.81333333333333,105.44,83.78,4.8,34.7,3.12,29.900000000000002,31.580000000000002,8.11,4.8,41.89,99.72,29.900000000000002,31.580000000000002
230605_13,96.24,APOE33,male,Sedentary,HFD,39.0,19.5666666666667,0.0,0.0,78.78,39.39,-52.519999999999996,0.8660254037844386,0.3333333333333334,26.26,39.39,78.78,2.39,21.07,1.97,18.68,19.1,0.0,2.39,39.39,96.24,18.68,19.1
230605_14,99.73,APOE33,male,Sedentary,HFD,44.0,19.5666666666667,3.67,17.89,88.67,42.5,-48.25666666666667,0.9334830676904717,0.23350622442175162,36.74333333333333,64.06,85.0,21.72,43.19,10.32,21.47,32.87,3.67,21.72,42.5,99.73,21.47,32.87
230605_15,98.88,APOE33HN,female,Exercise,Control,23.0,14.6,0.0,3.22,47.0,23.5,-30.26,0.895056066244645,0.29427075289873916,16.74,26.72,47.0,12.85,15.45,1.5,2.5999999999999996,13.95,0.0,12.85,23.5,98.88,2.5999999999999996,13.95
230605_16,95.14,APOE33HN,female,Exercise,Control,23.0,14.6,4.67,13.78,67.44,31.384999999999998,-34.14,0.9253281834526121,0.24757895130090615,28.63,49.835,62.769999999999996,7.46,40.44,5.97,32.98,34.47,4.67,7.46,31.384999999999998,95.14,32.98,34.47
230605_17,97.99,APOE22HN,female,Sedentary,Control,30.0,15.0333333333333,0.0,26.11,70.0,35.0,-37.96333333333333,0.9894177124146762,0.09269763020775774,32.03666666666667,61.11,70.0,2.15,20.44,5.73,18.290000000000003,14.71,0.0,2.15,35.0,97.99,18.290000000000003,14.71
230605_18,85.97,APOE22HN,female,Sedentary,Control,28.0,15.0333333333333,1.11,60.0,93.44,46.165,-40.813333333333325,0.9875725035794871,0.10047030913091283,51.51666666666667,107.275,92.33,1.46,34.53,4.03,33.07,30.5,1.11,1.46,46.165,85.97,33.07,30.5
230605_19,97.0,APOE22HN,female,Sedentary,Control,28.0,15.0333333333333,1.67,55.67,46.78,22.555,-10.403333333333329,0.7789989513025949,0.4314554279186777,34.70666666666667,79.89500000000001,45.11,5.06,32.67,11.61,27.610000000000003,21.060000000000002,1.67,5.06,22.555,97.0,27.610000000000003,21.060000000000002
230605_2,96.74,APOE44HN,female,Sedentary,HFD,39.0,19.4,0.0,41.22,7.0,3.4999999999999996,9.073333333333334,0.15867898766804925,0.8985530193061999,16.073333333333334,44.72,7.0,0.54,10.72,2.44,10.18,8.280000000000001,0.0,0.54,3.4999999999999996,96.74,10.18,8.280000000000001
230605_20,98.33,APOE22HN,female,Exercise,Control,23.0,14.7333333333333,4.11,22.22,42.78,19.335,-15.633333333333336,0.9993316606680065,0.023276507730925086,23.036666666666665,45.665,38.67,9.19,26.46,2.13,17.270000000000003,24.330000000000002,4.11,9.19,19.335,98.33,17.270000000000003,24.330000000000002
230605_21,93.33,APOE22HN,female,Exercise,Control,25.0,14.7333333333333,1.33,17.67,76.67,37.67,-43.45,0.9504976433622436,0.2011481732148344,31.89,56.67,75.34,2.24,22.49,1.62,20.25,20.869999999999997,1.33,2.24,37.67,93.33,20.25,20.869999999999997
230605_22,97.67,APOE33,male,Exercise,Control,31.0,14.7666666666667,7.22,58.33,38.56,15.670000000000002,3.3633333333333297,0.6080162256686326,0.5839311002827184,34.70333333333333,81.22,31.340000000000003,23.59,37.1,4.03,13.510000000000002,33.07,7.22,23.59,15.670000000000002,97.67,13.510000000000002,33.07
230605_23,97.68,APOE33,male,Exercise,Control,31.0,14.7666666666667,3.33,27.0,36.56,16.615000000000002,-10.933333333333337,0.9712402012145517,0.15305038492135428,22.296666666666667,46.945,33.230000000000004,19.3,25.6,5.19,6.300000000000001,20.41,3.33,19.3,16.615000000000002,97.68,6.300000000000001,20.41
230605_24,91.89,APOE33,male,Exercise,Control,29.0,14.7666666666667,8.56,65.78,88.33,39.885,-25.54666666666666,0.969929748185264,0.1565157266215258,54.223333333333336,114.22500000000001,79.77,4.2,42.08,6.85,37.879999999999995,35.23,8.56,4.2,39.885,91.89,37.879999999999995,35.23
230605_25,99.42,APOE33,male,Exercise,Control,31.0,14.7666666666667,6.22,13.56,81.11,37.445,-41.26,0.9070464236305621,0.27666302364554246,33.63,57.225,74.89,23.57,67.7,15.96,44.13,51.74,6.22,23.57,37.445,99.42,44.13,51.74
230605_3,99.73,APOE44HN,female,Sedentary,HFD,38.0,19.4,1.11,3.33,47.33,23.11,-28.963333333333335,0.8865304726207358,0.3062171755795166,17.256666666666664,27.549999999999997,46.22,2.89,14.94,3.3,12.049999999999999,11.64,1.11,2.89,23.11,99.73,12.049999999999999,11.64
230605_4,98.34,APOE44HN,female,Sedentary,HFD,47.0,19.1666666666667,0.0,40.22,35.78,17.89,-10.446666666666669,0.8112884509482093,0.39753324172346965,25.333333333333332,58.11,35.78,18.85,31.22,7.85,12.369999999999997,23.369999999999997,0.0,18.85,17.89,98.34,12.369999999999997,23.369999999999997
230605_5,97.92,APOE44HN,female,Sedentary,HFD,45.0,19.1666666666667,5.11,70.33,85.56,40.225,-26.78333333333334,0.9412606820762985,0.21928488029792503,53.666666666666664,115.66499999999999,80.45,9.09,33.44,7.59,24.349999999999998,25.849999999999998,5.11,9.09,40.225,97.92,24.349999999999998,25.849999999999998
230605_6,99.17,APOE44HN,male,Sedentary,HFD,47.0,19.4,0.0,29.44,30.78,15.39,-10.706666666666667,0.8846391923382964,0.30880941285558666,20.073333333333334,44.83,30.78,4.8,21.31,4.96,16.509999999999998,16.349999999999998,0.0,4.8,15.39,99.17,16.509999999999998,16.349999999999998
230605_7,99.43,APOE44HN,male,Sedentary,HFD,39.0,19.4,2.44,22.67,41.89,19.725,-17.11666666666667,0.9998907739261526,0.009409406594953517,22.333333333333332,44.835,39.45,13.07,17.78,8.25,4.710000000000001,9.530000000000001,2.44,13.07,19.725,99.43,4.710000000000001,9.530000000000001
230605_8,69.87,APOE33,male,Sedentary,HFD,40.0,19.4333333333333,0.0,52.22,49.44,24.719999999999995,-15.553333333333327,0.8413997471761577,0.363464155887517,33.88666666666666,76.94,49.44,0.61,13.48,6.29,12.870000000000001,7.19,0.0,0.61,24.719999999999995,69.87,12.870000000000001,7.19
